Churn,CostPerService
0,-0.20876707593548993
1,0.12639898741102146
